t_s,snap_avg_B,snap_p95_B,snap_max_B,kBps_per_client,frag_snaps,over_budget,wardlings,decode_fail
1,692.0,737,737,20.76,0,0,12,0
2,834.5,842,842,25.04,0,0,19,0
3,857.0,857,857,25.71,0,0,20,0
4,857.0,857,857,25.71,0,0,20,0
5,857.0,857,857,25.71,0,0,20,0
6,857.0,857,857,25.71,0,0,20,0
7,857.0,857,857,25.71,0,0,20,0
8,857.0,857,857,25.71,0,0,20,0
9,857.0,857,857,25.71,0,0,20,0
10,857.0,857,857,25.71,0,0,20,0
11,857.0,857,857,25.71,0,0,20,0
12,857.0,857,857,25.71,0,0,20,0
13,857.0,857,857,25.71,0,0,20,0
14,857.0,857,857,25.71,0,0,20,0
15,857.0,857,857,25.71,0,0,20,0
16,857.0,857,857,25.71,0,0,20,0
17,857.0,857,857,25.71,0,0,20,0
18,857.0,857,857,25.71,0,0,20,0
19,857.0,857,857,25.71,0,0,20,0
20,857.0,857,857,25.71,0,0,20,0
21,857.0,857,857,25.71,0,0,20,0
22,857.0,857,857,25.71,0,0,20,0
23,857.0,857,857,25.71,0,0,20,0
24,857.0,857,857,25.71,0,0,20,0
25,857.0,857,857,25.71,0,0,20,0
26,857.0,857,857,25.71,0,0,20,0
27,857.0,857,857,25.71,0,0,20,0
28,857.0,857,857,25.71,0,0,20,0
29,857.0,857,857,25.71,0,0,20,0
30,857.0,857,857,25.71,0,0,20,0
31,857.0,857,857,25.71,0,0,20,0
32,857.0,857,857,25.71,0,0,20,0
33,857.0,857,857,25.71,0,0,20,0
34,857.0,857,857,25.71,0,0,20,0
35,857.0,857,857,25.71,0,0,20,0
36,857.0,857,857,25.71,0,0,20,0
37,857.0,857,857,25.71,0,0,20,0
38,857.0,857,857,25.71,0,0,20,0
39,857.0,857,857,25.71,0,0,20,0
40,857.0,857,857,25.71,0,0,20,0
41,857.0,857,857,25.71,0,0,20,0
42,857.0,857,857,25.71,0,0,20,0
43,857.0,857,857,25.71,0,0,20,0
44,857.0,857,857,25.71,0,0,20,0
45,857.0,857,857,25.71,0,0,20,0
46,857.0,857,857,25.71,0,0,20,0
47,857.0,857,857,25.71,0,0,20,0
48,857.0,857,857,25.71,0,0,20,0
49,857.0,857,857,25.71,0,0,20,0
50,857.0,857,857,25.71,0,0,20,0
51,857.0,857,857,25.71,0,0,20,0
52,857.0,857,857,25.71,0,0,20,0
53,857.0,857,857,25.71,0,0,20,0
54,857.0,857,857,25.71,0,0,20,0
55,857.0,857,857,25.71,0,0,20,0
56,857.0,857,857,25.71,0,0,20,0
57,857.0,857,857,25.71,0,0,20,0
58,857.0,857,857,25.71,0,0,20,0
59,857.0,857,857,25.71,0,0,20,0
60,857.0,857,857,25.71,0,0,20,0
61,977.0,977,977,29.31,0,0,28,0
62,977.0,977,977,29.31,0,0,28,0
63,977.0,977,977,29.31,0,0,28,0
64,977.0,977,977,29.31,0,0,28,0
65,977.4,977,989,29.32,0,0,28,0
66,978.2,989,989,29.35,0,0,28,0
67,991.9,1009,1009,29.76,0,0,28,0
68,1006.6,1021,1033,30.20,0,0,28,0
69,1039.8,1089,1089,31.19,0,0,28,0
70,1034.0,1089,1109,31.02,0,6,27,0
71,1051.2,1147,1147,31.54,0,36,26,0
72,1105.4,1138,1138,33.16,0,90,25,0
73,1104.8,1138,1138,33.14,0,96,25,0
74,1105.2,1138,1138,33.16,0,102,25,0
75,1102.9,1138,1138,33.09,0,90,24,0
76,1101.3,1131,1143,33.04,0,78,24,0
77,1082.0,1119,1131,32.46,0,42,23,0
78,1016.1,1096,1096,30.48,0,0,22,0
79,918.4,983,983,27.55,0,0,21,0
80,914.3,962,970,27.43,0,0,21,0
81,899.9,966,990,27.00,0,0,17,0
82,887.4,938,948,26.62,0,0,16,0
83,857.8,877,877,25.73,0,0,19,0
84,897.8,922,922,26.93,0,0,21,0
85,938.5,952,952,28.16,0,0,23,0
86,938.3,967,967,28.15,0,0,23,0
87,919.5,932,932,27.59,0,0,22,0
88,902.4,923,923,27.07,0,0,21,0
89,901.2,932,944,27.04,0,0,21,0
90,935.6,967,982,28.07,0,0,23,0
91,948.2,976,985,28.45,0,0,24,0
92,933.8,965,965,28.01,0,0,24,0
93,931.9,959,965,27.96,0,0,24,0
94,961.3,999,999,28.84,0,0,24,0
95,945.1,967,979,28.35,0,0,23,0
96,928.8,958,958,27.86,0,0,23,0
97,914.0,938,950,27.42,0,0,21,0
98,897.6,908,908,26.93,0,0,21,0
99,889.1,902,905,26.67,0,0,20,0
100,887.4,905,905,26.62,0,0,20,0
101,877.1,896,905,26.31,0,0,19,0
102,874.0,884,884,26.22,0,0,19,0
103,873.6,884,884,26.21,0,0,19,0
104,884.9,904,904,26.55,0,0,19,0
105,879.5,896,902,26.39,0,0,19,0
106,906.8,930,942,27.20,0,0,19,0
107,910.3,948,954,27.31,0,0,19,0
108,887.3,922,922,26.62,0,0,19,0
109,867.2,896,910,26.02,0,0,18,0
110,854.0,875,875,25.62,0,0,17,0
111,835.9,866,871,25.08,0,0,15,0
112,849.7,882,894,25.49,0,0,15,0
113,830.6,868,868,24.92,0,0,14,0
114,820.0,847,847,24.60,0,0,13,0
115,808.9,826,826,24.27,0,0,12,0
116,798.4,817,817,23.95,0,0,12,0
117,772.0,811,811,23.16,0,0,9,0
118,748.0,766,766,22.44,0,0,9,0
119,754.0,775,775,22.62,0,0,10,0
120,774.1,790,790,23.22,0,0,10,0
121,879.9,907,907,26.40,0,0,18,0
122,907.2,919,922,27.22,0,0,20,0
123,928.2,934,934,27.85,0,0,21,0
124,927.6,928,928,27.83,0,0,21,0
125,938.3,952,952,28.15,0,0,23,0
126,958.0,961,961,28.74,0,0,24,0
127,961.0,961,961,28.83,0,0,24,0
128,961.0,961,961,28.83,0,0,24,0
129,957.6,961,961,28.73,0,0,24,0
130,952.6,955,955,28.58,0,0,24,0
131,945.4,949,949,28.36,0,0,24,0
132,938.2,943,943,28.15,0,0,24,0
133,937.0,937,937,28.11,0,0,24,0
134,937.0,937,937,28.11,0,0,24,0
135,937.0,937,937,28.11,0,0,24,0
136,937.0,937,937,28.11,0,0,24,0
137,937.0,937,937,28.11,0,0,24,0
138,937.0,937,937,28.11,0,0,24,0
139,937.0,937,937,28.11,0,0,24,0
140,937.4,937,949,28.12,0,0,24,0
141,937.0,937,937,28.11,0,0,24,0
142,953.0,969,969,28.59,0,0,24,0
143,973.1,989,1001,29.19,0,0,24,0
144,984.2,1001,1001,29.53,0,0,24,0
145,995.7,1021,1021,29.87,0,0,24,0
146,1001.1,1021,1033,30.03,0,0,24,0
147,1033.1,1073,1077,30.99,0,0,24,0
148,1096.8,1264,1264,32.90,0,36,23,0
149,1248.7,1272,1284,37.46,0,180,23,0
150,1208.8,1244,1244,36.26,0,180,21,0
151,1154.7,1206,1206,34.64,0,180,20,0
152,1135.8,1169,1169,34.07,0,180,20,0
153,1102.4,1163,1169,33.07,0,84,18,0
154,1057.4,1087,1087,31.72,0,0,17,0
155,1009.9,1040,1052,30.30,0,0,16,0
156,910.9,965,985,27.33,0,0,16,0
157,872.8,905,908,26.18,0,0,14,0
158,866.6,893,893,26.00,0,0,14,0
159,862.5,893,893,25.88,0,0,14,0
160,859.5,894,899,25.79,0,0,15,0
161,822.5,868,871,24.68,0,0,13,0
162,797.5,814,814,23.93,0,0,11,0
163,784.8,804,804,23.54,0,0,11,0
164,802.5,823,823,24.07,0,0,14,0
165,850.2,878,878,25.50,0,0,19,0
166,886.5,893,893,26.59,0,0,20,0
167,887.6,893,893,26.63,0,0,20,0
168,887.0,887,887,26.61,0,0,20,0
169,882.8,887,887,26.48,0,0,20,0
170,877.8,881,881,26.33,0,0,20,0
171,871.8,875,875,26.15,0,0,20,0
172,865.2,869,869,25.96,0,0,20,0
173,857.0,857,857,25.71,0,0,20,0
174,857.0,857,857,25.71,0,0,20,0
175,857.0,857,857,25.71,0,0,20,0
176,857.0,857,857,25.71,0,0,20,0
177,857.0,857,857,25.71,0,0,20,0
178,857.0,857,857,25.71,0,0,20,0
179,857.0,857,857,25.71,0,0,20,0
180,857.4,857,869,25.72,0,0,20,0
181,918.6,929,941,27.56,0,0,24,0
182,935.5,961,973,28.07,0,0,24,0
183,944.2,973,985,28.33,0,0,24,0
184,966.2,1005,1005,28.99,0,0,24,0
185,963.4,993,993,28.90,0,0,23,0
186,930.3,943,964,27.91,0,0,22,0
187,959.4,1003,1027,28.78,0,0,22,0
188,999.9,1038,1038,30.00,0,0,21,0
189,990.2,1026,1038,29.71,0,0,20,0
190,939.0,965,1001,28.17,0,0,20,0
191,941.0,981,995,28.23,0,0,19,0
192,958.5,1016,1036,28.76,0,0,19,0
193,1042.4,1229,1229,31.27,0,36,18,0
194,1033.0,1169,1169,30.99,0,66,13,0
195,914.6,934,934,27.44,0,0,13,0
196,885.5,910,916,26.57,0,0,11,0
197,813.5,840,840,24.41,0,0,10,0
198,816.5,827,827,24.50,0,0,12,0
199,842.5,857,857,25.27,0,0,14,0
200,838.1,849,849,25.14,0,0,13,0
201,830.8,840,840,24.92,0,0,13,0
202,845.0,861,861,25.35,0,0,14,0
203,829.8,847,855,24.89,0,0,13,0
204,820.0,820,820,24.60,0,0,13,0
205,820.0,820,820,24.60,0,0,13,0
206,815.7,828,828,24.47,0,0,13,0
207,819.9,828,828,24.60,0,0,13,0
208,796.0,796,796,23.88,0,0,13,0
209,847.6,866,878,25.43,0,0,15,0
210,871.4,881,893,26.14,0,0,16,0
211,881.3,921,921,26.44,0,0,16,0
212,869.0,875,875,26.07,0,0,16,0
213,836.9,867,867,25.11,0,0,16,0
214,801.4,821,821,24.04,0,0,16,0
215,827.3,853,861,24.82,0,0,16,0
216,833.9,873,873,25.02,0,0,15,0
217,828.3,852,872,24.85,0,0,15,0
218,839.8,886,886,25.19,0,0,14,0
219,844.6,889,889,25.34,0,0,13,0
220,790.0,820,820,23.70,0,0,13,0
221,790.0,820,820,23.70,0,0,13,0
222,782.9,811,820,23.49,0,0,12,0
223,779.5,811,811,23.39,0,0,11,0
224,770.4,802,802,23.11,0,0,11,0
225,770.8,802,802,23.12,0,0,11,0
226,752.0,778,802,22.56,0,0,9,0
227,723.7,748,748,21.71,0,0,8,0
228,692.9,721,733,20.79,0,0,4,0
229,660.4,661,661,19.81,0,0,4,0
230,676.5,685,685,20.30,0,0,6,0
231,706.5,715,715,21.20,0,0,8,0
232,744.8,754,754,22.34,0,0,11,0
233,767.3,769,769,23.02,0,0,12,0
234,763.0,763,763,22.89,0,0,12,0
235,763.4,763,775,22.90,0,0,12,0
236,765.0,775,775,22.95,0,0,12,0
237,779.5,795,795,23.39,0,0,12,0
238,769.9,795,795,23.10,0,0,12,0
239,759.0,769,769,22.77,0,0,12,0
240,766.3,789,789,22.99,0,0,12,0
