keys,en
HUD_TEAM_0,CONCORD
HUD_TEAM_1,SYNDICATE
HUD_UPLINK_TITLE,%s UPLINK  %d%%
HUD_UPLINK_TITLE_SHORT,%s  %d%%
HUD_UPLINK_PCT,Uplink %d%%
HUD_EXPOSED,EXPOSED
HUD_DESTROYED,DESTROYED
HUD_PHASE_LOAD,LOADING
HUD_PHASE_DEPLOY,DEPLOY
HUD_PHASE_SKIRMISH,SKIRMISH
HUD_PHASE_SURGE_I,SURGE I
HUD_PHASE_SURGE_II,SURGE II
HUD_PHASE_DROUGHT,DROUGHT
HUD_PHASE_TIME_OUT,TIME-OUT
HUD_PHASE_END,MATCH OVER
HUD_MIDS_UNLOCK,Mids unlock in %s
HUD_NEXT_PHASE,next %s
HUD_VICTORY,VICTORY
HUD_DEFEAT,DEFEAT
HUD_DRAW,DRAW
HUD_END_UPLINK_DESTROYED,%s Uplink destroyed
HUD_END_INCURSION,Time-out: %s won on Incursion
HUD_END_UPLINK_DAMAGE,"Time-out: Incursion tied, %s dealt more Uplink damage"
HUD_END_DRAW,Time-out: Incursion and Uplink damage tied
HUD_TASK_HOLD,HOLD
HUD_TASK_PLANT,PLANT
HUD_TASK_BREACH,BREACH
HUD_STATE_LOCKED,LOCKED
HUD_STATE_CONTESTED,CONTESTED
HUD_STATE_OVERTIME,OVERTIME
HUD_STATE_CAPTURING,CAPTURING
HUD_STATE_ENEMY_CAPTURING,ENEMY CAPTURING
HUD_STATE_HELD,HELD
HUD_DISTANCE_M,%d m
HUD_CMD_FOLLOW,FOLLOW
HUD_CMD_HOLD,HOLD
HUD_CMD_ATTACK,ATTACK
HUD_CMD_CAPTURE,CAPTURE
HUD_ARMORY_PROMPT,[F] ARMORY
HUD_LEVEL_UP,LEVEL UP
HUD_LEVEL_SHORT,LV
HUD_LUMEN,LUMEN
HUD_RES,RES
HUD_SP_BADGE,+%d SP
HUD_STATUS_STUN,STUN
HUD_STATUS_ROOT,ROOT
HUD_STATUS_SLOW,SLOW
HUD_STATUS_KNOCKBACK,KNOCKBACK
HUD_STATUS_FORTIFIED,FORTIFIED
HUD_STATUS_UNSTOPPABLE,UNSTOPPABLE
HUD_SQUAD,SQUAD
HUD_VARIANT_PICKET,Pk
HUD_LEVEL_GATE,Lv %d
HUD_SKILL_ACTIVE,ACTIVE
HUD_NODE_MAX,MAX
HUD_NODE_RANK,RANK %d (L%d)
HUD_NODE_UNLOCK,UNLOCK
HUD_NODE_BOOST,BOOST (L3)
HUD_MANA,MANA
HUD_BURNOUT,BURNOUT
HUD_RELOADING,RELOADING
HUD_DRY,DRY - [R] RELOAD
HUD_RELOAD_PROMPT,[R] RELOAD
HUD_SOCKET_CORE,CORE
HUD_SOCKET_BARREL,BARREL
HUD_SOCKET_FRAME,FRAME
HUD_SOCKET_CHAMBER,CHAMBER
HUD_ARMORY,ARMORY
HUD_ARMORY_KEYS,[Up/Down] select  [Enter] buy  [1-3] tier  [Bksp] sell  [Esc] close
HUD_ARMORY_SQUAD,SQUAD
HUD_ARMORY_CONSUMABLES,CONSUMABLES
HUD_ARMORY_UPGRADE,[Enter] Upgrade to %s: %d
HUD_ARMORY_MAXED,Maxed
HUD_ARMORY_UNDO,[Bksp] Undo %d
HUD_ARMORY_SELL,[Bksp] Sell %d
HUD_ARMORY_REPLACE,"[Enter] Buy %d  (replaces %s, sells for %d)"
HUD_ARMORY_BUY,[Enter] Buy %d
HUD_ARMORY_BUY_TIER,[1/2/3] buy tier
HUD_ARMORY_DMG_DELTA,Dmg/hit %.1f -> %.1f (%+.0f%%)
HUD_ARMORY_MANA_ONLY,Mana guns only
HUD_ARMORY_MECH_ONLY,Mech guns only
HUD_ARMORY_CARRY,carry %d / %d
HUD_ARMORY_OWNED,OWNED
HUD_ARMORY_NEEDS,needs %s
HUD_ARMORY_MOUNTED,MOUNTED %s
HUD_ARMORY_LOADED,LOADED
HUD_KILLED_BY,KILLED BY
HUD_ELIMINATED,ELIMINATED
HUD_RESPAWN_IN,RESPAWN IN %ds
HUD_SPAWN_SANCTUM,SANCTUM
HUD_SPAWN_SANCTUM_DESC,squad + Armory
HUD_SPAWN_BEACON,MID BEACON
HUD_SPAWN_BEACON_DESC,"no squad, no shop"
HUD_SPAWN_BEACON_UNAVAILABLE,not held or under attack
HUD_SP_HINT,+%d SP: hold Alt + Q/E/C/G
HUD_SCOREBOARD,SCOREBOARD
HUD_COL_HERO,HERO
HUD_COL_LEVEL,LVL
HUD_COL_KD,K / D
HUD_COL_LUMEN,LUMEN
HUD_COL_STATUS,STATUS
HUD_ALIVE,alive
HUD_DEAD,dead
HUD_YOU,YOU
HUD_BOT,BOT
HUD_HERO_N,Hero %d
HUD_KILLER_UNKNOWN,Squad
HUD_CB_DEFAULT,Default
HUD_CB_DEUTERANOPIA,Deuteranopia
HUD_CB_PROTANOPIA,Protanopia
HUD_CB_TRITANOPIA,Tritanopia
HUD_TOAST_COLORBLIND,Colour preset: %s
HUD_TOAST_UI_SCALE,UI scale %d%%
HUD_TOAST_DAMAGE_NUMBERS,Damage numbers: %s
HUD_DMG_OFF,Off
HUD_DMG_COMPACT,Compact
HUD_DMG_FULL,Full
HUD_CELL_CARRYING,YOU ARE CARRYING THE CELL - hold F in %s
HUD_CELL_ALLY_CARRIES,Ally carries the Cell
HUD_CELL_ENEMY_CARRIES,ENEMY CARRIES A CELL
HUD_CELL_TAKE,Take a Mana Cell from the Cradle (hold F)
HUD_CELL_ENEMY_CRADLE,Enemy Cell at its Cradle
HUD_CELL_DROPPED,Cell dropped - touch it
HUD_CELL_ENEMY_DROPPED,Enemy Cell dropped - stand on it
HUD_CELL_PLANTED,CELL PLANTED - protect the charge
HUD_CELL_DEFUSE,DEFUSE THE CELL (hold F)
HUD_CHANNEL_PICKUP,PICKING UP
HUD_CHANNEL_PLANTING,PLANTING
HUD_CHANNEL_DEFUSING,DEFUSING
HUD_CHANNEL_DISPERSING,DISPERSING
HUD_GENERATOR_DOWN,GENERATOR DOWN - hold the zone
HUD_GENERATOR_HP,WARD GENERATOR %d%%
HUD_GENERATOR_SHIELDED,  SHIELDED
HUD_MENU_TAGLINE,PvP first-person MOBA shooter  ·  v%s pre-alpha
HUD_MENU_HERO,Hero
HUD_MENU_HERO_VESPER,Vesper Loom  (Minionmancer)
HUD_MENU_HERO_BRANNOC,Brannoc  (Tank)
HUD_MENU_PLAY_BOTS,PLAY VS BOTS
HUD_MENU_SERVER_ADDRESS,"Server address (host or IP, optional :port)"
HUD_MENU_JOIN,JOIN
HUD_MENU_TEST_COURSE,MOVEMENT TEST COURSE
HUD_MENU_QUIT,QUIT
HUD_MENU_CONNECTING,Connecting to %s ...
HUD_MENU_SETTINGS,SETTINGS
HUD_SET_TITLE,Settings
HUD_SET_SENS,Mouse sensitivity
HUD_SET_FOV,Field of view
HUD_SET_VOLUME,Volume
HUD_SET_INVERT,Invert mouse Y
HUD_SET_FULLSCREEN,Fullscreen
HUD_SET_BACK,BACK
HUD_PAUSE_TITLE,Paused
HUD_PAUSE_NOTE,The match keeps running.
HUD_PAUSE_RESUME,RESUME
HUD_PAUSE_SETTINGS,SETTINGS
HUD_PAUSE_MENU,LEAVE MATCH
HUD_PAUSE_QUIT,QUIT GAME
HUD_LOBBY_TITLE,Lobby
HUD_LOBBY_READY,READY
HUD_LOBBY_LEAVE,LEAVE LOBBY
HUD_LOBBY_YOU,You
HUD_LOBBY_PLAYER,Player %d
HUD_LOBBY_WAITING,Pick a hero and press Ready. The match starts when everyone is ready.
HUD_LOBBY_STARTING,Match starts in %d ...
HUD_LOBBY_NO_ANSWER,"No answer from %s (server down, wrong address, or UDP port blocked)"
HUD_MENU_PLAY_ONLINE,PLAY ONLINE
HUD_MENU_PROFILE,PROFILE
HUD_MENU_PROFILE_EDIT,EDIT
HUD_PROFILE_TITLE,Profile
HUD_PROFILE_CREATE,Create your pilot
HUD_PROFILE_INTRO,"Pick a name, an emblem and a colour. Other players see them in the lobby, the scoreboard and the kill feed. You can change them later under PROFILE."
HUD_PROFILE_NAME,Name
HUD_PROFILE_NAME_HINT,"3-16 letters, digits, space _ - ."
HUD_PROFILE_NAME_OK,Looks good.
HUD_PROFILE_ERR_SHORT,At least %d characters.
HUD_PROFILE_ERR_LONG,At most %d characters.
HUD_PROFILE_ERR_CHAR,"Only letters A-Z, digits, space, _ - and . are allowed."
HUD_PROFILE_ERR_SPACE,No spaces at the start or end and no double spaces.
HUD_PROFILE_ERR_SAVE,Could not save the profile (%s).
HUD_PROFILE_EMBLEM,Emblem
HUD_PROFILE_EMBLEM_N,Emblem %d
HUD_PROFILE_ACCENT,Accent colour
HUD_PROFILE_ACCENT_N,Colour %d
HUD_PROFILE_SAVE,SAVE
HUD_PROFILE_CONTINUE,CONTINUE
HUD_PROFILE_CANCEL,CANCEL
HUD_FRIENDS_TITLE,FRIENDS  %d / %d online
HUD_FRIENDS_ADD,ADD
HUD_FRIENDS_ADD_HINT,Name or Name#TAG
HUD_FRIENDS_ADDED,Added %s. They show up once the server has seen them.
HUD_FRIENDS_ADD_BAD,"Not a valid name (3-16 characters, optional #TAG)."
HUD_FRIENDS_ADD_DUP,Already on your list.
HUD_FRIENDS_EMPTY,"No friends yet. Add one by name, or press + next to a player in the lobby."
HUD_FRIENDS_ONLINE,Online
HUD_FRIENDS_IN_LOBBY,In lobby
HUD_FRIENDS_IN_MATCH,In match
HUD_FRIENDS_OFFLINE,Offline
HUD_FRIENDS_UNKNOWN,Status unknown
HUD_FRIENDS_PENDING,Not seen yet
HUD_FRIENDS_JOIN,JOIN
HUD_FRIENDS_REMOVE,Remove friend
HUD_FRIENDS_REMOVE_X,×
HUD_FRIENDS_PLUS,+
HUD_LOBBY_SWITCH,SWITCH HERE
HUD_LOBBY_PICK_HERO,Hero
HUD_LOBBY_PICK_FIRST,Pick a hero.
HUD_LOBBY_UNREADY,READY ✔  (cancel)
HUD_LOBBY_LOCKED,LOCKED
HUD_LOBBY_LOCKED_LINE,Locked: picks are final. Match starts in %d ...
HUD_LOBBY_NO_HERO,No hero yet
HUD_LOBBY_OPEN_SLOT,Open slot  ·  a bot fills it
HUD_LOBBY_STATE_READY,Ready
HUD_LOBBY_STATE_PICKING,Picking
HUD_LOBBY_STATE_RECONNECTING,Reconnecting ...
HUD_LOBBY_ADD_FRIEND,Add friend
HUD_LOBBY_CHAT_HINT,Say something (Enter to send)
HUD_LOBBY_RECONNECTING,Connection lost. Reconnecting ...
HUD_LOBBY_REJECT_FULL,The lobby is full.
HUD_LOBBY_REJECT_ID,Another player is using this profile id.
HUD_LOBBY_REJECT_PROFILE,The server did not accept your profile (check your name).
HUD_LOBBY_REJECT_VERSION,Version mismatch: update the game to the server's version.
HUD_LOBBY_SYS_JOINED,%s joined the lobby.
HUD_LOBBY_SYS_LEFT,%s left the lobby.
HUD_LOBBY_SYS_RECONNECTING,%s lost connection (seat kept for a moment).
HUD_LOBBY_SYS_RECONNECTED,%s is back.
HUD_LOBBY_SYS_SWITCHED,%s switched to %s.
HUD_LOBBY_SYS_LOCKED_IN,%s locked in.
HUD_LOBBY_SYS_SLOW_DOWN,You are sending messages too fast.
HUD_LOBBY_SYS_TEAM_FULL,That team is full.
HUD_PROFILE_ERR_BLOCKED,That name is not allowed. Please pick another one.
HUD_PRIVACY_TITLE,Privacy (online play only)
HUD_PRIVACY_BODY,"For online play your display name, emblem, colour, random player id and your lobby chat messages are sent to the game server, so other players can see you, chat with you and find you as a friend. The server keeps them in memory only while you are connected and forgets them when you disconnect; chat is passed on, not stored. Your profile and friends list stay on this computer. Offline play sends nothing."
HUD_PRIVACY_ACK,I have read the privacy notice and agree to this for online play.
HUD_PRIVACY_READ,PRIVACY NOTICE
HUD_PRIVACY_EXPORT,EXPORT MY DATA
HUD_PRIVACY_EXPORTED,Saved to %s
HUD_PRIVACY_EXPORT_FAILED,Could not write the export file.
HUD_PRIVACY_DELETE,DELETE MY PROFILE & DATA
HUD_PRIVACY_DELETE_CONFIRM,PRESS AGAIN TO DELETE EVERYTHING
HUD_PRIVACY_DELETED,"Your profile, friends list and local chat settings were deleted."
HUD_LOBBY_MUTE,Mute
HUD_LOBBY_UNMUTE,Unmute
HUD_LOBBY_MUTE_TIP,Hide this player's chat messages (only for you)
HUD_LOBBY_REPORT,Report
HUD_LOBBY_REPORT_TIP,Record a report on this computer
HUD_LOBBY_REPORTED,Report about %s recorded on this computer.
