file	category	M_max_LUFS	I_LUFS	peak_dBTP
abilities/brannoc/abilities_brannoc_aegis_wall_cast_01.ogg	abilities/cast/impact	-16.0	-19.8	-3.6
abilities/brannoc/abilities_brannoc_aegis_wall_cast_02.ogg	abilities/cast/impact	-15.9	-20.9	-4.4
abilities/brannoc/abilities_brannoc_aegis_wall_impact_01.ogg	abilities/cast/impact	-15.9	-20.1	-4.5
abilities/brannoc/abilities_brannoc_aegis_wall_impact_02.ogg	abilities/cast/impact	-15.9	-19.9	-3.9
abilities/brannoc/abilities_brannoc_earthbreaker_cast_01.ogg	abilities/ult cast	-14.9	-18.7	-4.2
abilities/brannoc/abilities_brannoc_earthbreaker_cast_02.ogg	abilities/ult cast	-15.0	-19.6	-4.2
abilities/brannoc/abilities_brannoc_earthbreaker_impact_01.ogg	abilities/cast/impact	-15.9	-20.7	-3.9
abilities/brannoc/abilities_brannoc_earthbreaker_impact_02.ogg	abilities/cast/impact	-15.9	-20.0	-3.7
abilities/brannoc/abilities_brannoc_fortify_cast_01.ogg	abilities/cast/impact	-15.9	-20.1	-4.8
abilities/brannoc/abilities_brannoc_fortify_cast_02.ogg	abilities/cast/impact	-15.9	-19.7	-5.0
abilities/brannoc/abilities_brannoc_fortify_impact_01.ogg	abilities/cast/impact	-15.9	-20.2	-4.6
abilities/brannoc/abilities_brannoc_fortify_impact_02.ogg	abilities/cast/impact	-16.0	-20.4	-3.7
abilities/brannoc/abilities_brannoc_fortify_loop_01.ogg	abilities/loop	-24.0	-27.6	-10.8
abilities/brannoc/abilities_brannoc_ram_charge_cast_01.ogg	abilities/cast/impact	-15.9	-20.5	-4.2
abilities/brannoc/abilities_brannoc_ram_charge_cast_02.ogg	abilities/cast/impact	-16.0	-19.9	-4.4
abilities/brannoc/abilities_brannoc_ram_charge_impact_01.ogg	abilities/cast/impact	-16.0	-20.3	-4.2
abilities/brannoc/abilities_brannoc_ram_charge_impact_02.ogg	abilities/cast/impact	-15.9	-20.2	-3.6
abilities/hex/abilities_hex_breach_spike_cast_01.ogg	abilities/cast/impact	-16.0	-18.8	-4.5
abilities/hex/abilities_hex_breach_spike_cast_02.ogg	abilities/cast/impact	-16.1	-19.2	-5.0
abilities/hex/abilities_hex_breach_spike_impact_01.ogg	abilities/cast/impact	-16.0	-19.2	-3.6
abilities/hex/abilities_hex_breach_spike_impact_02.ogg	abilities/cast/impact	-16.1	-19.7	-4.4
abilities/hex/abilities_hex_relay_hop_cast_01.ogg	abilities/cast/impact	-16.0	-18.9	-3.9
abilities/hex/abilities_hex_relay_hop_cast_02.ogg	abilities/cast/impact	-16.1	-18.7	-4.3
abilities/hex/abilities_hex_relay_hop_impact_01.ogg	abilities/cast/impact	-16.0	-19.3	-3.9
abilities/hex/abilities_hex_relay_hop_impact_02.ogg	abilities/cast/impact	-16.1	-19.1	-4.0
abilities/hex/abilities_hex_static_field_cast_01.ogg	abilities/cast/impact	-16.0	-19.4	-6.8
abilities/hex/abilities_hex_static_field_cast_02.ogg	abilities/cast/impact	-16.0	-18.8	-4.6
abilities/hex/abilities_hex_static_field_impact_01.ogg	abilities/cast/impact	-16.0	-20.4	-3.5
abilities/hex/abilities_hex_static_field_impact_02.ogg	abilities/cast/impact	-16.0	-19.9	-4.7
abilities/hex/abilities_hex_static_field_loop_01.ogg	abilities/loop	-24.2	-26.7	-13.8
abilities/hex/abilities_hex_zero_day_cast_01.ogg	abilities/ult cast	-15.0	-17.0	-4.3
abilities/hex/abilities_hex_zero_day_cast_02.ogg	abilities/ult cast	-15.1	-17.1	-4.4
abilities/hex/abilities_hex_zero_day_impact_01.ogg	abilities/cast/impact	-16.0	-20.0	-4.9
abilities/hex/abilities_hex_zero_day_impact_02.ogg	abilities/cast/impact	-16.0	-20.2	-3.3
abilities/juniper/abilities_juniper_killbox_cast_01.ogg	abilities/ult cast	-14.9	-18.4	-3.7
abilities/juniper/abilities_juniper_killbox_cast_02.ogg	abilities/ult cast	-14.9	-18.4	-4.3
abilities/juniper/abilities_juniper_killbox_impact_01.ogg	abilities/cast/impact	-15.9	-20.5	-3.3
abilities/juniper/abilities_juniper_killbox_impact_02.ogg	abilities/cast/impact	-15.9	-20.5	-3.2
abilities/juniper/abilities_juniper_killbox_loop_01.ogg	abilities/loop	-24.0	-27.6	-11.7
abilities/juniper/abilities_juniper_pressure_mine_cast_01.ogg	abilities/cast/impact	-15.9	-19.3	-4.3
abilities/juniper/abilities_juniper_pressure_mine_cast_02.ogg	abilities/cast/impact	-15.9	-19.3	-4.8
abilities/juniper/abilities_juniper_pressure_mine_impact_01.ogg	abilities/cast/impact	-15.9	-19.4	-3.2
abilities/juniper/abilities_juniper_pressure_mine_impact_02.ogg	abilities/cast/impact	-15.9	-19.4	-3.2
abilities/juniper/abilities_juniper_snare_coil_cast_01.ogg	abilities/cast/impact	-15.9	-18.1	-4.9
abilities/juniper/abilities_juniper_snare_coil_cast_02.ogg	abilities/cast/impact	-15.9	-18.1	-4.5
abilities/juniper/abilities_juniper_snare_coil_impact_01.ogg	abilities/cast/impact	-16.0	-19.4	-3.4
abilities/juniper/abilities_juniper_snare_coil_impact_02.ogg	abilities/cast/impact	-16.0	-19.4	-3.7
abilities/juniper/abilities_juniper_tripwire_lattice_cast_01.ogg	abilities/cast/impact	-15.9	-19.0	-3.1
abilities/juniper/abilities_juniper_tripwire_lattice_cast_02.ogg	abilities/cast/impact	-16.0	-19.0	-5.0
abilities/juniper/abilities_juniper_tripwire_lattice_impact_01.ogg	abilities/cast/impact	-16.0	-20.4	-3.8
abilities/juniper/abilities_juniper_tripwire_lattice_impact_02.ogg	abilities/cast/impact	-16.0	-20.4	-3.8
abilities/liora/abilities_liora_aurora_cast_01.ogg	abilities/ult cast	-15.0	-18.3	-5.9
abilities/liora/abilities_liora_aurora_cast_02.ogg	abilities/ult cast	-15.0	-17.4	-5.4
abilities/liora/abilities_liora_aurora_impact_01.ogg	abilities/cast/impact	-16.0	-20.1	-6.7
abilities/liora/abilities_liora_aurora_impact_02.ogg	abilities/cast/impact	-16.0	-19.7	-6.4
abilities/liora/abilities_liora_aurora_loop_01.ogg	abilities/loop	-24.0	-27.5	-15.9
abilities/liora/abilities_liora_flash_bloom_cast_01.ogg	abilities/cast/impact	-16.0	-20.3	-5.1
abilities/liora/abilities_liora_flash_bloom_cast_02.ogg	abilities/cast/impact	-16.0	-20.1	-5.7
abilities/liora/abilities_liora_flash_bloom_impact_01.ogg	abilities/cast/impact	-16.2	-20.6	-5.4
abilities/liora/abilities_liora_flash_bloom_impact_02.ogg	abilities/cast/impact	-16.2	-20.7	-6.0
abilities/liora/abilities_liora_heal_beam_loop_01.ogg	abilities/loop	-24.0	-27.2	-16.7
abilities/liora/abilities_liora_med_pack_drone_cast_01.ogg	abilities/cast/impact	-16.0	-20.3	-6.1
abilities/liora/abilities_liora_med_pack_drone_cast_02.ogg	abilities/cast/impact	-16.0	-19.9	-5.7
abilities/liora/abilities_liora_med_pack_drone_impact_01.ogg	abilities/cast/impact	-16.0	-19.7	-6.6
abilities/liora/abilities_liora_med_pack_drone_impact_02.ogg	abilities/cast/impact	-16.0	-20.1	-5.4
abilities/liora/abilities_liora_prism_ward_cast_01.ogg	abilities/cast/impact	-16.0	-19.7	-6.1
abilities/liora/abilities_liora_prism_ward_cast_02.ogg	abilities/cast/impact	-16.0	-20.3	-7.1
abilities/liora/abilities_liora_prism_ward_impact_01.ogg	abilities/cast/impact	-16.1	-20.4	-6.9
abilities/liora/abilities_liora_prism_ward_impact_02.ogg	abilities/cast/impact	-16.1	-20.7	-6.4
abilities/ryker/abilities_ryker_combat_stim_cast_01.ogg	abilities/cast/impact	-15.9	-19.5	-4.7
abilities/ryker/abilities_ryker_combat_stim_cast_02.ogg	abilities/cast/impact	-15.9	-19.6	-5.2
abilities/ryker/abilities_ryker_combat_stim_impact_01.ogg	abilities/cast/impact	-15.9	-19.4	-4.7
abilities/ryker/abilities_ryker_combat_stim_impact_02.ogg	abilities/cast/impact	-15.9	-19.6	-4.9
abilities/ryker/abilities_ryker_frag_grenade_cast_01.ogg	abilities/cast/impact	-15.9	-19.5	-4.7
abilities/ryker/abilities_ryker_frag_grenade_cast_02.ogg	abilities/cast/impact	-15.9	-19.4	-4.5
abilities/ryker/abilities_ryker_frag_grenade_impact_01.ogg	abilities/cast/impact	-15.9	-19.5	-4.7
abilities/ryker/abilities_ryker_frag_grenade_impact_02.ogg	abilities/cast/impact	-15.9	-19.7	-4.6
abilities/ryker/abilities_ryker_overdrive_cast_01.ogg	abilities/ult cast	-14.9	-19.6	-3.8
abilities/ryker/abilities_ryker_overdrive_cast_02.ogg	abilities/ult cast	-14.9	-19.3	-3.2
abilities/ryker/abilities_ryker_overdrive_impact_01.ogg	abilities/cast/impact	-15.9	-19.6	-4.4
abilities/ryker/abilities_ryker_overdrive_impact_02.ogg	abilities/cast/impact	-15.9	-19.4	-4.4
abilities/ryker/abilities_ryker_tactical_slide_cast_01.ogg	abilities/cast/impact	-15.9	-19.6	-4.7
abilities/ryker/abilities_ryker_tactical_slide_cast_02.ogg	abilities/cast/impact	-15.9	-19.4	-4.4
abilities/ryker/abilities_ryker_tactical_slide_impact_01.ogg	abilities/cast/impact	-15.9	-19.4	-4.6
abilities/ryker/abilities_ryker_tactical_slide_impact_02.ogg	abilities/cast/impact	-15.9	-19.3	-4.8
abilities/sable/abilities_sable_eclipse_step_cast_01.ogg	abilities/ult cast	-15.1	-18.7	-3.6
abilities/sable/abilities_sable_eclipse_step_cast_02.ogg	abilities/ult cast	-15.1	-19.2	-4.2
abilities/sable/abilities_sable_eclipse_step_impact_01.ogg	abilities/cast/impact	-15.9	-19.1	-3.7
abilities/sable/abilities_sable_eclipse_step_impact_02.ogg	abilities/cast/impact	-15.9	-20.3	-4.0
abilities/sable/abilities_sable_phase_shift_cast_01.ogg	abilities/cast/impact	-16.0	-18.3	-4.7
abilities/sable/abilities_sable_phase_shift_cast_02.ogg	abilities/cast/impact	-16.1	-18.6	-4.9
abilities/sable/abilities_sable_phase_shift_impact_01.ogg	abilities/cast/impact	-15.9	-18.3	-4.5
abilities/sable/abilities_sable_phase_shift_impact_02.ogg	abilities/cast/impact	-15.9	-19.7	-3.7
abilities/sable/abilities_sable_sabotage_charge_cast_01.ogg	abilities/cast/impact	-16.1	-18.3	-4.9
abilities/sable/abilities_sable_sabotage_charge_cast_02.ogg	abilities/cast/impact	-16.0	-18.3	-4.9
abilities/sable/abilities_sable_sabotage_charge_impact_01.ogg	abilities/cast/impact	-15.9	-19.4	-5.3
abilities/sable/abilities_sable_sabotage_charge_impact_02.ogg	abilities/cast/impact	-15.9	-19.4	-5.0
abilities/sable/abilities_sable_veilwalk_cast_01.ogg	abilities/cast/impact	-16.3	-17.4	-4.0
abilities/sable/abilities_sable_veilwalk_cast_02.ogg	abilities/cast/impact	-16.1	-17.4	-4.6
abilities/sable/abilities_sable_veilwalk_impact_01.ogg	abilities/cast/impact	-16.1	-18.1	-3.5
abilities/sable/abilities_sable_veilwalk_impact_02.ogg	abilities/cast/impact	-15.9	-19.7	-3.7
abilities/sable/abilities_sable_veilwalk_loop_01.ogg	abilities/loop	-24.5	-28.2	-11.1
abilities/shared/abilities_shared_explosion_01.ogg	abilities/cast/impact	-14.0	-18.2	-3.8
abilities/shared/abilities_shared_explosion_02.ogg	abilities/cast/impact	-14.0	-17.0	-4.1
abilities/shared/abilities_shared_explosion_03.ogg	abilities/cast/impact	-14.0	-17.9	-4.5
abilities/vesper/abilities_vesper_marionette_thread_cast_01.ogg	abilities/cast/impact	-16.0	-20.3	-4.0
abilities/vesper/abilities_vesper_marionette_thread_cast_02.ogg	abilities/cast/impact	-16.0	-19.7	-4.7
abilities/vesper/abilities_vesper_marionette_thread_impact_01.ogg	abilities/cast/impact	-16.0	-20.8	-3.9
abilities/vesper/abilities_vesper_marionette_thread_impact_02.ogg	abilities/cast/impact	-16.1	-20.6	-3.3
abilities/vesper/abilities_vesper_marionette_thread_loop_01.ogg	abilities/loop	-24.0	-28.4	-14.8
abilities/vesper/abilities_vesper_rally_beacon_cast_01.ogg	abilities/cast/impact	-16.0	-20.7	-3.9
abilities/vesper/abilities_vesper_rally_beacon_cast_02.ogg	abilities/cast/impact	-16.0	-20.1	-5.8
abilities/vesper/abilities_vesper_rally_beacon_impact_01.ogg	abilities/cast/impact	-16.0	-20.8	-4.0
abilities/vesper/abilities_vesper_rally_beacon_impact_02.ogg	abilities/cast/impact	-16.0	-21.3	-3.5
abilities/vesper/abilities_vesper_rewrite_cast_01.ogg	abilities/ult cast	-15.0	-18.4	-3.7
abilities/vesper/abilities_vesper_rewrite_cast_02.ogg	abilities/ult cast	-14.9	-18.3	-3.6
abilities/vesper/abilities_vesper_rewrite_impact_01.ogg	abilities/cast/impact	-16.0	-21.5	-4.2
abilities/vesper/abilities_vesper_rewrite_impact_02.ogg	abilities/cast/impact	-16.0	-21.2	-3.9
abilities/vesper/abilities_vesper_threadstep_cast_01.ogg	abilities/cast/impact	-16.0	-20.1	-3.7
abilities/vesper/abilities_vesper_threadstep_cast_02.ogg	abilities/cast/impact	-16.0	-20.4	-4.0
abilities/vesper/abilities_vesper_threadstep_impact_01.ogg	abilities/cast/impact	-16.0	-20.8	-4.1
abilities/vesper/abilities_vesper_threadstep_impact_02.ogg	abilities/cast/impact	-15.9	-20.8	-4.0
ambient/ambient_base_bed_01.ogg	ambient	-28.4	-30.1	-19.8
ambient/ambient_jungle_bed_01.ogg	ambient	-29.1	-30.1	-19.0
ambient/ambient_lane_bed_01.ogg	ambient	-28.2	-30.1	-17.5
ambient/ambient_water_bed_01.ogg	ambient	-29.7	-30.1	-17.7
footsteps/footsteps_body_jump_01.ogg	footsteps	-20.9	-23.7	-2.1
footsteps/footsteps_body_jump_02.ogg	footsteps	-21.0	-23.7	-2.5
footsteps/footsteps_body_jump_03.ogg	footsteps	-21.0	-23.7	-2.6
footsteps/footsteps_body_land_heavy_01.ogg	footsteps	-17.9	-20.5	-4.4
footsteps/footsteps_body_land_heavy_02.ogg	footsteps	-17.9	-20.5	-4.9
footsteps/footsteps_body_land_heavy_03.ogg	footsteps	-17.9	-20.4	-4.5
footsteps/footsteps_body_land_light_01.ogg	footsteps	-20.9	-20.9	-2.2
footsteps/footsteps_body_land_light_02.ogg	footsteps	-20.9	-20.9	-3.2
footsteps/footsteps_body_land_light_03.ogg	footsteps	-20.9	-20.9	-3.5
footsteps/footsteps_concrete_step_01.ogg	footsteps	-19.9	-19.9	-3.1
footsteps/footsteps_concrete_step_02.ogg	footsteps	-19.9	-19.9	-3.0
footsteps/footsteps_concrete_step_03.ogg	footsteps	-19.9	-19.9	-3.0
footsteps/footsteps_concrete_step_04.ogg	footsteps	-19.9	-20.0	-3.0
footsteps/footsteps_concrete_step_05.ogg	footsteps	-19.9	-19.9	-2.9
footsteps/footsteps_grate_step_01.ogg	footsteps	-20.0	-20.0	-2.2
footsteps/footsteps_grate_step_02.ogg	footsteps	-20.0	-20.0	-2.2
footsteps/footsteps_grate_step_03.ogg	footsteps	-20.0	-20.0	-2.1
footsteps/footsteps_grate_step_04.ogg	footsteps	-20.0	-20.0	-2.5
footsteps/footsteps_grate_step_05.ogg	footsteps	-20.0	-20.0	-2.2
footsteps/footsteps_metal_step_01.ogg	footsteps	-19.9	-20.0	-1.7
footsteps/footsteps_metal_step_02.ogg	footsteps	-19.9	-19.9	-1.9
footsteps/footsteps_metal_step_03.ogg	footsteps	-19.9	-19.9	-2.3
footsteps/footsteps_metal_step_04.ogg	footsteps	-20.0	-20.0	-2.5
footsteps/footsteps_metal_step_05.ogg	footsteps	-20.0	-20.0	-1.8
footsteps/footsteps_water_splash_01.ogg	footsteps	-20.2	-25.0	-4.6
footsteps/footsteps_water_splash_02.ogg	footsteps	-20.1	-24.9	-4.6
footsteps/footsteps_water_splash_03.ogg	footsteps	-20.1	-24.9	-4.7
footsteps/footsteps_water_step_01.ogg	footsteps	-20.2	-22.7	-3.8
footsteps/footsteps_water_step_02.ogg	footsteps	-20.1	-22.7	-2.1
footsteps/footsteps_water_step_03.ogg	footsteps	-20.2	-22.7	-4.0
footsteps/footsteps_water_step_04.ogg	footsteps	-20.1	-22.7	-2.0
footsteps/footsteps_water_step_05.ogg	footsteps	-20.1	-22.7	-3.2
footsteps/footsteps_water_wade_01.ogg	footsteps	-20.2	-22.6	-6.3
footsteps/footsteps_water_wade_02.ogg	footsteps	-20.2	-22.6	-7.1
footsteps/footsteps_water_wade_03.ogg	footsteps	-20.2	-22.6	-6.3
music/music_match_early_bass_01.ogg	music/loop stem	-25.8	-27.3	-15.3
music/music_match_early_drums_01.ogg	music/loop stem	-21.8	-25.4	-11.9
music/music_match_early_lead_01.ogg	music/loop stem	-19.0	-26.8	-15.4
music/music_match_early_pad_01.ogg	music/loop stem	-33.5	-36.0	-22.9
music/music_match_late_bass_01.ogg	music/loop stem	-25.5	-27.2	-17.9
music/music_match_late_drums_01.ogg	music/loop stem	-24.1	-25.7	-11.4
music/music_match_late_lead_01.ogg	music/loop stem	-22.8	-29.7	-18.3
music/music_match_late_pad_01.ogg	music/loop stem	-36.0	-38.7	-25.9
music/music_menu_mix_01.ogg	music/loop stem	-17.6	-20.0	-8.6
music/music_pick_mix_01.ogg	music/loop stem	-16.7	-20.0	-7.5
music/music_stinger_defeat_01.ogg	music/stinger	-13.1	-18.0	-3.4
music/music_stinger_final_01.ogg	music/stinger	-16.8	-18.0	-7.0
music/music_stinger_phase_01.ogg	music/stinger	-12.2	-18.0	-2.9
music/music_stinger_sudden_death_01.ogg	music/stinger	-10.3	-18.0	-2.4
music/music_stinger_victory_01.ogg	music/stinger	-11.3	-18.0	-2.8
music/music_sudden_death_bass_01.ogg	music/loop stem	-25.0	-26.4	-18.8
music/music_sudden_death_drums_01.ogg	music/loop stem	-25.0	-26.1	-12.2
music/music_sudden_death_lead_01.ogg	music/loop stem	-23.4	-30.1	-17.5
music/music_sudden_death_pad_01.ogg	music/loop stem	-36.2	-39.4	-26.9
ui/ui_economy_buy_01.ogg	ui	-20.0	-22.9	-11.8
ui/ui_economy_denied_01.ogg	ui	-20.0	-22.2	-11.8
ui/ui_economy_fork_01.ogg	ui	-19.9	-22.2	-12.8
ui/ui_economy_levelup_01.ogg	ui	-19.0	-21.6	-11.3
ui/ui_economy_lumen_01.ogg	ui	-26.0	-28.8	-16.3
ui/ui_economy_lumen_02.ogg	ui	-26.0	-28.8	-15.6
ui/ui_economy_lumen_03.ogg	ui	-26.0	-28.8	-16.3
ui/ui_economy_sell_01.ogg	ui	-20.0	-22.6	-10.8
ui/ui_flow_countdown_go_01.ogg	ui	-17.9	-21.9	-10.2
ui/ui_flow_countdown_tick_01.ogg	ui	-20.2	-23.0	-5.5
ui/ui_flow_defeat_01.ogg	ui	-17.9	-23.8	-9.1
ui/ui_flow_lock_01.ogg	ui	-18.9	-21.5	-10.1
ui/ui_flow_match_found_01.ogg	ui	-18.0	-20.4	-9.8
ui/ui_flow_ready_check_01.ogg	ui	-17.9	-20.1	-11.5
ui/ui_flow_victory_01.ogg	ui	-16.9	-22.4	-8.2
ui/ui_menu_back_01.ogg	ui	-21.0	-23.9	-7.7
ui/ui_menu_click_01.ogg	ui	-20.8	-20.9	-3.9
ui/ui_menu_click_02.ogg	ui	-20.9	-20.9	-3.3
ui/ui_menu_confirm_01.ogg	ui	-19.9	-21.9	-10.4
ui/ui_menu_error_01.ogg	ui	-19.9	-22.1	-12.4
ui/ui_menu_hover_01.ogg	ui	-26.2	-26.3	-10.2
ui/ui_menu_hover_02.ogg	ui	-26.2	-26.3	-10.2
voice/voice_stinger_alert_01.ogg	voice	-13.0	-16.0	-7.8
voice/voice_stinger_neutral_01.ogg	voice	-12.7	-15.9	-5.3
voice/voice_stinger_streak_01.ogg	voice	-12.2	-15.9	-4.7
voice/voice_stinger_triumph_01.ogg	voice	-11.3	-16.0	-3.7
weapons/weapons_combat_assist_01.ogg	weapons_combat	-20.0	-23.1	-7.9
weapons/weapons_combat_damage_01.ogg	weapons_combat	-19.9	-19.9	-5.0
weapons/weapons_combat_damage_02.ogg	weapons_combat	-19.9	-19.9	-4.8
weapons/weapons_combat_damage_03.ogg	weapons_combat	-19.9	-19.9	-4.8
weapons/weapons_combat_damage_04.ogg	weapons_combat	-19.9	-19.9	-5.1
weapons/weapons_combat_death_01.ogg	weapons_combat	-17.0	-21.8	-4.7
weapons/weapons_combat_headshot_01.ogg	weapons_combat	-18.1	-18.1	-3.5
weapons/weapons_combat_headshot_02.ogg	weapons_combat	-17.9	-17.9	-3.6
weapons/weapons_combat_headshot_03.ogg	weapons_combat	-18.1	-18.1	-3.9
weapons/weapons_combat_heartbeat_01.ogg	weapons_combat	-21.9	-24.5	-5.0
weapons/weapons_combat_hit_01.ogg	weapons_combat	-20.0	-20.0	-3.3
weapons/weapons_combat_hit_02.ogg	weapons_combat	-19.7	-19.7	-3.4
weapons/weapons_combat_hit_03.ogg	weapons_combat	-20.4	-20.4	-2.0
weapons/weapons_combat_kill_01.ogg	weapons_combat	-16.9	-20.1	-8.0
weapons/weapons_core_layer_t1_01.ogg	weapons_core_layer	-19.9	-22.7	-6.6
weapons/weapons_core_layer_t2_01.ogg	weapons_core_layer	-18.0	-20.2	-5.6
weapons/weapons_core_layer_t3_01.ogg	weapons_core_layer	-16.0	-19.9	-3.4
weapons/weapons_glitch_shot_01.ogg	weapons_shot	-14.1	-16.7	-3.1
weapons/weapons_glitch_shot_02.ogg	weapons_shot	-14.1	-16.6	-2.6
weapons/weapons_glitch_shot_03.ogg	weapons_shot	-14.1	-16.6	-3.0
weapons/weapons_glitch_shot_04.ogg	weapons_shot	-14.1	-16.6	-2.4
weapons/weapons_glitch_shot_05.ogg	weapons_shot	-15.3	-17.7	-4.2
weapons/weapons_glitch_tail_01.ogg	weapons_tail	-24.2	-27.9	-11.7
weapons/weapons_glitch_tail_02.ogg	weapons_tail	-24.2	-27.7	-11.1
weapons/weapons_heavy_reload_done_01.ogg	weapons_reload	-21.9	-24.8	-1.9
weapons/weapons_heavy_reload_done_02.ogg	weapons_reload	-21.9	-24.8	-2.5
weapons/weapons_heavy_reload_mag_out_01.ogg	weapons_reload	-22.0	-23.9	-5.3
weapons/weapons_heavy_reload_mag_out_02.ogg	weapons_reload	-22.0	-23.9	-5.8
weapons/weapons_heavy_reload_start_01.ogg	weapons_reload	-22.2	-22.2	-3.5
weapons/weapons_heavy_reload_start_02.ogg	weapons_reload	-22.0	-22.0	-4.2
weapons/weapons_heavy_shot_01.ogg	weapons_shot	-14.0	-18.3	-4.4
weapons/weapons_heavy_shot_02.ogg	weapons_shot	-13.9	-17.0	-4.7
weapons/weapons_heavy_shot_03.ogg	weapons_shot	-14.0	-17.4	-4.8
weapons/weapons_heavy_shot_04.ogg	weapons_shot	-13.9	-18.0	-3.2
weapons/weapons_heavy_shot_05.ogg	weapons_shot	-14.0	-17.6	-3.6
weapons/weapons_heavy_tail_01.ogg	weapons_tail	-24.2	-28.2	-12.0
weapons/weapons_heavy_tail_02.ogg	weapons_tail	-24.2	-28.0	-11.1
weapons/weapons_impact_mana_01.ogg	weapons_impact	-18.0	-18.0	-4.0
weapons/weapons_impact_mana_02.ogg	weapons_impact	-18.0	-18.0	-3.5
weapons/weapons_impact_mana_03.ogg	weapons_impact	-18.0	-18.0	-3.5
weapons/weapons_impact_piercing_01.ogg	weapons_impact	-18.0	-18.0	-2.6
weapons/weapons_impact_piercing_02.ogg	weapons_impact	-18.1	-18.1	-3.6
weapons/weapons_impact_piercing_03.ogg	weapons_impact	-18.2	-18.2	-2.7
weapons/weapons_impact_standard_01.ogg	weapons_impact	-18.0	-18.0	-2.4
weapons/weapons_impact_standard_02.ogg	weapons_impact	-18.0	-18.0	-2.9
weapons/weapons_impact_standard_03.ogg	weapons_impact	-18.0	-18.0	-3.3
weapons/weapons_impact_sunder_01.ogg	weapons_impact	-17.9	-20.6	-5.3
weapons/weapons_impact_sunder_02.ogg	weapons_impact	-17.9	-20.8	-5.6
weapons/weapons_impact_sunder_03.ogg	weapons_impact	-17.9	-20.7	-4.8
weapons/weapons_mana_burnout_01.ogg	weapons/other	-18.7	-21.2	-4.4
weapons/weapons_mana_burnout_02.ogg	weapons/other	-19.5	-20.7	-3.9
weapons/weapons_mana_lowammo_01.ogg	weapons/other	-26.2	-26.3	-10.2
weapons/weapons_mana_regen_01.ogg	weapons/other	-24.2	-25.9	-14.7
weapons/weapons_mech_dry_01.ogg	weapons/other	-24.3	-24.3	-2.5
weapons/weapons_mech_dry_02.ogg	weapons/other	-24.5	-24.5	-3.8
weapons/weapons_mech_dry_03.ogg	weapons/other	-24.0	-24.0	-2.5
weapons/weapons_mech_lowammo_01.ogg	weapons/other	-26.0	-26.0	-7.4
weapons/weapons_rifle_reload_done_01.ogg	weapons_reload	-22.0	-24.4	-3.6
weapons/weapons_rifle_reload_done_02.ogg	weapons_reload	-21.9	-24.5	-3.1
weapons/weapons_rifle_reload_mag_out_01.ogg	weapons_reload	-22.0	-23.8	-5.2
weapons/weapons_rifle_reload_mag_out_02.ogg	weapons_reload	-22.0	-23.9	-6.1
weapons/weapons_rifle_reload_start_01.ogg	weapons_reload	-22.1	-22.1	-2.3
weapons/weapons_rifle_reload_start_02.ogg	weapons_reload	-22.4	-22.4	-4.6
weapons/weapons_rifle_shot_01.ogg	weapons_shot	-15.0	-18.7	-4.7
weapons/weapons_rifle_shot_02.ogg	weapons_shot	-15.0	-17.1	-4.4
weapons/weapons_rifle_shot_03.ogg	weapons_shot	-14.9	-16.9	-4.6
weapons/weapons_rifle_shot_04.ogg	weapons_shot	-15.0	-18.9	-4.1
weapons/weapons_rifle_shot_05.ogg	weapons_shot	-15.0	-16.9	-5.2
weapons/weapons_rifle_tail_01.ogg	weapons_tail	-24.2	-27.9	-8.8
weapons/weapons_rifle_tail_02.ogg	weapons_tail	-24.2	-27.8	-9.6
weapons/weapons_smg_burst_shot_01.ogg	weapons_shot	-15.4	-15.4	-3.2
weapons/weapons_smg_burst_shot_02.ogg	weapons_shot	-15.4	-15.4	-3.0
weapons/weapons_smg_burst_shot_03.ogg	weapons_shot	-15.3	-18.1	-2.4
weapons/weapons_smg_burst_shot_04.ogg	weapons_shot	-15.4	-15.4	-2.8
weapons/weapons_smg_burst_shot_05.ogg	weapons_shot	-15.3	-15.3	-3.1
weapons/weapons_smg_burst_tail_01.ogg	weapons_tail	-24.2	-27.8	-9.5
weapons/weapons_smg_burst_tail_02.ogg	weapons_tail	-24.3	-27.9	-12.7
weapons/weapons_tack_reload_done_01.ogg	weapons_reload	-22.0	-24.5	-2.8
weapons/weapons_tack_reload_done_02.ogg	weapons_reload	-22.0	-24.4	-3.2
weapons/weapons_tack_reload_mag_out_01.ogg	weapons_reload	-22.0	-24.0	-5.4
weapons/weapons_tack_reload_mag_out_02.ogg	weapons_reload	-22.0	-23.9	-4.8
weapons/weapons_tack_reload_start_01.ogg	weapons_reload	-22.2	-22.2	-2.9
weapons/weapons_tack_reload_start_02.ogg	weapons_reload	-22.2	-22.2	-3.2
weapons/weapons_tack_shot_01.ogg	weapons_shot	-14.0	-16.4	-3.4
weapons/weapons_tack_shot_02.ogg	weapons_shot	-14.0	-17.9	-3.1
weapons/weapons_tack_shot_03.ogg	weapons_shot	-14.0	-16.1	-2.7
weapons/weapons_tack_shot_04.ogg	weapons_shot	-14.0	-16.1	-2.6
weapons/weapons_tack_shot_05.ogg	weapons_shot	-14.0	-16.2	-3.2
weapons/weapons_tack_tail_01.ogg	weapons_tail	-24.2	-28.0	-12.1
weapons/weapons_tack_tail_02.ogg	weapons_tail	-24.2	-27.8	-11.6
weapons/weapons_thread_shot_01.ogg	weapons_shot	-14.0	-19.1	-3.3
weapons/weapons_thread_shot_02.ogg	weapons_shot	-14.0	-19.1	-3.6
weapons/weapons_thread_shot_03.ogg	weapons_shot	-14.0	-18.3	-3.2
weapons/weapons_thread_shot_04.ogg	weapons_shot	-14.0	-19.4	-3.4
weapons/weapons_thread_shot_05.ogg	weapons_shot	-14.0	-18.9	-2.8
weapons/weapons_thread_tail_01.ogg	weapons_tail	-24.2	-28.0	-11.8
weapons/weapons_thread_tail_02.ogg	weapons_tail	-24.3	-27.8	-12.5
weapons/weapons_zap_shot_01.ogg	weapons_shot	-14.2	-16.9	-3.0
weapons/weapons_zap_shot_02.ogg	weapons_shot	-15.1	-17.6	-3.8
weapons/weapons_zap_shot_03.ogg	weapons_shot	-14.3	-17.0	-2.4
weapons/weapons_zap_shot_04.ogg	weapons_shot	-14.3	-17.0	-2.5
weapons/weapons_zap_shot_05.ogg	weapons_shot	-15.1	-17.7	-3.2
weapons/weapons_zap_tail_01.ogg	weapons_tail	-24.3	-27.9	-11.6
weapons/weapons_zap_tail_02.ogg	weapons_tail	-24.2	-27.9	-12.2
world/world_objective_capture_01.ogg	world	-18.0	-20.4	-11.9
world/world_objective_contest_01.ogg	world	-18.0	-19.9	-14.0
world/world_objective_lost_01.ogg	world	-18.0	-21.2	-8.3
world/world_objective_sudden_death_01.ogg	world	-18.0	-23.0	-8.4
world/world_objective_uplink_alarm_01.ogg	world	-17.9	-19.7	-9.5
world/world_wardling_attack_01.ogg	world	-20.0	-20.0	-3.6
world/world_wardling_attack_02.ogg	world	-20.1	-20.1	-3.3
world/world_wardling_attack_03.ogg	world	-20.0	-20.0	-2.9
world/world_wardling_death_01.ogg	world	-20.0	-23.7	-4.7
world/world_wardling_death_02.ogg	world	-20.1	-23.7	-5.3
world/world_wardling_death_03.ogg	world	-20.1	-23.7	-4.8
world/world_wardling_spawn_01.ogg	world	-20.0	-22.4	-9.4
world/world_wardling_spawn_02.ogg	world	-20.0	-22.5	-9.2
world/world_wardling_spawn_03.ogg	world	-20.0	-22.5	-9.3

category	files	M_max (min..max)	I (median)	peak max
abilities/cast/impact	101	-16.3..-14.0	-19.7	-3.1
abilities/loop	7	-24.5..-24.0	-27.6	-10.8
abilities/ult cast	14	-15.1..-14.9	-18.4	-3.2
ambient	4	-29.7..-28.2	-30.1	-17.5
footsteps	35	-21.0..-17.9	-20.5	-1.7
music/loop stem	14	-36.2..-16.7	-26.8	-7.5
music/stinger	5	-16.8..-10.3	-18.0	-2.4
ui	22	-26.2..-16.9	-22.2	-3.3
voice	4	-13.0..-11.3	-15.9	-3.7
weapons/other	8	-26.2..-18.7	-24.3	-2.5
weapons_combat	14	-21.9..-16.9	-19.9	-2.0
weapons_core_layer	3	-19.9..-16.0	-20.2	-3.4
weapons_impact	12	-18.2..-17.9	-18.0	-2.4
weapons_reload	18	-22.4..-21.9	-23.9	-1.9
weapons_shot	35	-15.4..-13.9	-17.0	-2.4
weapons_tail	14	-24.3..-24.2	-27.9	-8.8
world	14	-20.1..-17.9	-21.2	-2.9
